First Name;Last Name;Company Name;Role In Company;Address;E-Mail;Phone Number
"George";"Webb";"Genentech";"Computer Systems Analyst";"8283 manchester road";"gwebb@genentech.rodeo";"42660450278";
"Louie";"Burns";"QuikTrip";"Construction Manager";"2657 new street";"lburns@quiktrip.rentals";"60185997737";
"Dexter";"Holland";"ARI";"Home Health Aide";"9163 highfield road";"dholland@ari.furniture";"77363995700";
"Megan";"Moore";"CHG Healthcare Services";"Civil Engineer";"1255 church street";"mmoore@chghealthcareservices.forsale";"44293429292";
"Austin";"Burgess";"Capital One";"Cement Mason & Concrete Finisher";"3682 the avenue";"aburgess@capitalone.lighting";"84672094136";
"Albert";"Walton";"Cadence";"Physician";"8491 manchester road";"awalton@cadence.fm";"19295442691";
"Henry";"Dixon";"Baker Donelson";"Sports Coach";"4444 alexander road";"hdixon@bakerdonelson.tube";"56928487955";
"Isabelle";"Cox";"IKEA Holding U.S.";"Cashier";"2114 kings road";"icox@ikeaholdingus.accountants";"32582690618";
"Matthew";"Grant";"Timepath Inc.";"Physical Therapist";"9917 Farburn Terrace";"mgrant@timepathinc.cleaning";"42003800040";
"Elizabeth";"Dunn";"Texas Health Resources";"Financial Manager";"6727 windsor road";"edunn@texashealthresources.associates";"83874236196";
"Michael";"Butler";"Adobe Systems";"Marketing Manager";"1378 alexander road";"mbutler@adobesystems.enterprises";"48542315168";
"Harrison";"Dawson";"Encompass Home Health And Hospice";"Accountant";"1261 broadway";"hdawson@encompasshomehealthandhospice.guide";"53216359587";
"Lottie";"Campbell";"Waterfront";"Diagnostic Medical Sonographer";"7512 manchester road";"lcampbell@waterfront.me";"91122115394";
"Millie";"Harris";"Hilcorp";"Executive Assistant";"9584 highfield road";"mharris@hilcorp.tours";"18914822186";
"Samuel";"West";"David Weekley Homes";"Analyst";"9373 queensway";"swest@davidweekleyhomes.build";"30989048420";
"Charlie";"Hayes";"Google";"Maintenance & Repair Worker";"8050 the green";"chayes@google.live";"95021827863";
"Bethany";"Gray";"Acuity";"Fabricator";"4652 park avenue";"bgray@acuity.shoes";"34183774227";
"Ivy";"Howard";"TechDev";"Lawyer";"4166 st. john's road";"ihoward@techdev.rest";"32200530776";
"Noah";"Richards";"Stryker";"IT Manager";"1938 green lane";"nrichards@stryker.band";"72208927436";
"Willow";"Taylor";"Roche Diagnostics";"Veterinarian";"8572 springfield road";"wtaylor@rochediagnostics.capital";"18647088273";
